version,Engine_commit,Snapshot_Hash
3.19.4,a5c24f538d05aaf66f7972fb23959d8cafb9f95a,ee1eb666c76a5cb7746faf39d0b97547
3.21.0-0.0.pre,0d4f78c952552819753a2676b318e181004ba746,75f170bc3de3cc2026e3e159bef60351
3.19.3,2e4ba9c6fb499ccd4e81420543783cc7267ae406,ee1eb666c76a5cb7746faf39d0b97547
3.19.2,04817c99c9fd4956f27505204f7e344335810aed,ee1eb666c76a5cb7746faf39d0b97547
3.20.0-1.2.pre,299e852cb92f27c16c9bee98c4ff3a5dc5b4dfae,de526b6b436ed4145f228d96208f3c94
3.19.1,04817c99c9fd4956f27505204f7e344335810aed,ee1eb666c76a5cb7746faf39d0b97547
3.20.0-1.1.pre,9869d47a2736e75470985949137241c48457bf50,de526b6b436ed4145f228d96208f3c94
3.19.0,04817c99c9fd4956f27505204f7e344335810aed,ee1eb666c76a5cb7746faf39d0b97547
3.19.0-0.4.pre,98820f0a7716715df150f6adc5edd3444a088196,ee1eb666c76a5cb7746faf39d0b97547
3.19.0-0.3.pre,968e2945c75c817f594e2e737bdd7bf68cba6bc0,ee1eb666c76a5cb7746faf39d0b97547
3.16.9,f40e976bedff57e69e1b3d89a7c2a3c617a03dad,f71c76320d35b65f1164dbaa6d95fe09
3.19.0-0.2.pre,4f18bb4dcb99d7e0d94aeff2ffa74e6ddef301cd,2fbca81aa1c7c6f0f5181417a7970d07
3.16.8,6e2ea58a5ccbefcfadc2d4b7b8045fc6c20ab812,f71c76320d35b65f1164dbaa6d95fe09
3.16.7,4a585b79294e830fa89c24924d58a27cc8fbf406,f71c76320d35b65f1164dbaa6d95fe09
3.19.0-0.1.pre,bbebee146508eb837aadb52388069f1fb4037a55,2fbca81aa1c7c6f0f5181417a7970d07
3.16.6,3f3e560236539b7e2702f5ac790b2a4691b32d49,f71c76320d35b65f1164dbaa6d95fe09
3.16.5,3f3e560236539b7e2702f5ac790b2a4691b32d49,f71c76320d35b65f1164dbaa6d95fe09
3.18.0-0.2.pre,39c6dc9bdd3ba2bc387e6e14b72fce5f46abfcae,8b43434a6666a4f8eb2de8ecf8be4f82
3.16.4,54a7145303f0dd9d0f93424a2e124eb4abef5091,f71c76320d35b65f1164dbaa6d95fe09
3.16.3,54a7145303f0dd9d0f93424a2e124eb4abef5091,f71c76320d35b65f1164dbaa6d95fe09
3.18.0-0.1.pre,69f0e5550702bb81458a1987f3054085aeb8353d,8b43434a6666a4f8eb2de8ecf8be4f82
3.16.2,cf7a9d0800f2a5da166dbe0eb9fb2476018269b1,f71c76320d35b65f1164dbaa6d95fe09
3.17.0-0.0.pre,dff66925dcfaced89a892b75a695b2d05a676c5e,2445dfd4be914b9035e6646f36970b3c
3.16.1,22b600f240548c1cf6f5d3f9ae65a5c9e51bc443,f71c76320d35b65f1164dbaa6d95fe09
3.17.0-0.0.pre,dff66925dcfaced89a892b75a695b2d05a676c5e,2445dfd4be914b9035e6646f36970b3c
3.16.0,74d16627b940bb15e50891f82cad6c3e3465bd6d,f71c76320d35b65f1164dbaa6d95fe09
3.16.0-0.5.pre,ab14aba1d5564df418f0e87f6772916c80a9a00a,f71c76320d35b65f1164dbaa6d95fe09
3.16.0-0.4.pre,abdaabc6dc88e20dd0fe290a2d3dfcac03b2706f,f71c76320d35b65f1164dbaa6d95fe09
3.13.9,0545f8705df301877d787107bac1a6e9fc9ee1ad,7dbbeeb8ef7b91338640dca3927636de
3.16.0-0.3.pre,91cde06da08323f25bd4bcc4a1832862f2b58c08,f71c76320d35b65f1164dbaa6d95fe09
3.13.8,767d8c75e898091b925519803830fc2721658d07,7dbbeeb8ef7b91338640dca3927636de
3.16.0-0.2.pre,249cc9b86c45acb7e32b4097bc8a5059b91c888e,f71c76320d35b65f1164dbaa6d95fe09
3.13.7,a794cf2681c6c9fe7b260e0e84de96298dc9c18b,7dbbeeb8ef7b91338640dca3927636de
3.16.0-0.1.pre,7ccdde78a7d174dc0bf0be77102b205e844c7998,f105cf3d66970fb41bf76f12d9b38f6d
3.13.6,a794cf2681c6c9fe7b260e0e84de96298dc9c18b,7dbbeeb8ef7b91338640dca3927636de
3.15.0-15.2.pre,453411bcf3961fef3e6caa57a04e7fc3e9faa037,fd89ca26d38c62af5c097a16d3418736
3.13.5,bd986c5ed20a62dc34b7718c50abc782beae4c33,7dbbeeb8ef7b91338640dca3927636de
3.15.0-15.1.pre,5c861944948efff4217b5f1fe1d04d23de39d54c,fd89ca26d38c62af5c097a16d3418736
3.13.4,9064459a8b0dcd32877107f6002cc429a71659d1,7dbbeeb8ef7b91338640dca3927636de
3.13.3,17a711a7765a198264b20d8c4983f2f6f1271271,7dbbeeb8ef7b91338640dca3927636de
3.13.3,b8d35810e91ab8fc39ba5e7a41bff6f697e8e3a8,7dbbeeb8ef7b91338640dca3927636de
3.14.0-0.2.pre,b93c76ab94207adc619e02b061f864e967983c22,b63f41229f2d3db31322b62c3d39978a
3.13.2,b20183e04096094bcc37d9cde2a4b96f5cc684cf,7dbbeeb8ef7b91338640dca3927636de
3.13.1,b20183e04096094bcc37d9cde2a4b96f5cc684cf,7dbbeeb8ef7b91338640dca3927636de
3.14.0-0.1.pre,f613b678245991e74839f201ecd3f22b75465813,b63f41229f2d3db31322b62c3d39978a
3.13.0,1ac611c64eadbd93c5f5aba5494b8fc3b35ee952,7dbbeeb8ef7b91338640dca3927636de
3.13.0-0.4.pre,73d89ca7c5a20cbddde69ab1a6dff8fe3ecbfd70,7dbbeeb8ef7b91338640dca3927636de
3.13.0-0.3.pre,c1f977f72b68da673ec493ab5df0beacacc7a88b,7dbbeeb8ef7b91338640dca3927636de
3.13.0-0.2.pre,e14db68a86199a9fa5fd9628d8e290aafc0f6917,7dbbeeb8ef7b91338640dca3927636de
3.10.6,cdbeda788a293fa29665dc3fa3d6e63bd221cb0d,90b56a561f70cd55e972cb49b79b3d8b
3.13.0-0.1.pre,ae470c12d363f9b7c6ace259891b783b0fab64dc,7dbbeeb8ef7b91338640dca3927636de
3.12.0-1.1.pre,45712dd2f120092ca3c78d0098b12f0079fd966d,16ad76edd19b537bf6ea64fdd31977a7
3.10.5,45f6e009110df4f34ec2cf99f63cf73b71b7a420,90b56a561f70cd55e972cb49b79b3d8b
3.12.0,b84ad1ad30cca8d303b4bcb2bbd77573e4d66122,16ad76edd19b537bf6ea64fdd31977a7
3.10.4,2a3401c9bbb5a9a9aec74d4f735d18a9dd3ebf2d,90b56a561f70cd55e972cb49b79b3d8b
3.10.3,2a3401c9bbb5a9a9aec74d4f735d18a9dd3ebf2d,90b56a561f70cd55e972cb49b79b3d8b
3.11.0-0.1.pre,7eca5cd1c5cca97929a7c8ea4381441447a36f26,36b0375d284ee2af0d0fffc6e6e48fde
3.10.2,90fa3ae28fe6ddaee1af2c120f01e50201c1401b,aa64af18e7d086041ac127cc4bc50c5e
3.10.1,b4fb11214dd2dda6ce012dd98ea498e9e8b91262,aa64af18e7d086041ac127cc4bc50c5e
3.11.0-0.0.pre,992cdb6cd409a30ebf91a33841575a1c7fd1bb1d,36b0375d284ee2af0d0fffc6e6e48fde
3.10.0,d44b5a94c976fbb65815374f61ab5392a220b084,aa64af18e7d086041ac127cc4bc50c5e
3.10.0-1.5.pre,50e509c2bd0d7788feb675e38321cc5711c8d2d6,aa64af18e7d086041ac127cc4bc50c5e
3.10.0-1.4.pre,f7ac42e8a273548af89f8b005179bf2b4b1bb2f1,aa64af18e7d086041ac127cc4bc50c5e
3.7.12,1a65d409c7a1438a34d21b60bf30a6fd5db59314,adb4292f3ec25074ca70abcd2d5c7251
3.10.0-1.3.pre,a645b36a9b8133090a73112cb03b09fb58a5c506,aa64af18e7d086041ac127cc4bc50c5e
3.10.0-1.1.pre,870e640e7edb592a4022fa41e794a10e292955d4,aa64af18e7d086041ac127cc4bc50c5e
3.7.11,1a65d409c7a1438a34d21b60bf30a6fd5db59314,adb4292f3ec25074ca70abcd2d5c7251
3.7.10,ec975089acb540fc60752606a3d3ba809dd1528b,adb4292f3ec25074ca70abcd2d5c7251
3.7.9,ec975089acb540fc60752606a3d3ba809dd1528b,adb4292f3ec25074ca70abcd2d5c7251
3.9.0-0.2.pre,1cc4b2d280f5705c7901c10676eae8bdb3142631,618084be871d017013dc342a8ecadba6
3.7.8,9aa7816315095c86410527932918c718cb35e7d6,adb4292f3ec25074ca70abcd2d5c7251
3.9.0-0.1.pre,dec409804a77c9fc71d894d8c818682c744c78b6,618084be871d017013dc342a8ecadba6
3.7.7,1837b5be5f0f1376a1ccf383950e83a80177fb4e,adb4292f3ec25074ca70abcd2d5c7251
3.7.6,ada363ee93b17cfe31587b5102679885cb40837e,adb4292f3ec25074ca70abcd2d5c7251
3.7.5,0f359063c487ee70787e58b4b011cbb3c2f53fd6,adb4292f3ec25074ca70abcd2d5c7251
3.7.4,248290d6d50a1bf1a6a246544347c03acda867a5,adb4292f3ec25074ca70abcd2d5c7251
3.8.0-10.1.pre,639e313f998a27ae82a876e1c6c1374afae6f843,8860f13fdeacf945548b94e3293739dc
3.7.3,248290d6d50a1bf1a6a246544347c03acda867a5,adb4292f3ec25074ca70abcd2d5c7251
3.7.2,f40b73f8a4d5bc2bf50b21e3c0fb478b8f282486,adb4292f3ec25074ca70abcd2d5c7251
3.7.1,800594f1f4a6674010a6f1603c07a919b4d7ebd7,adb4292f3ec25074ca70abcd2d5c7251
3.7.0,b24591ed328a2d4ce6505819e2f5898a78132f7f,501ef5cbd64ca70b6b42672346af6a8a
3.7.0-1.5.pre,45c5586f2a9583d9511b742703529a92bf8f9db5,501ef5cbd64ca70b6b42672346af6a8a
3.3.10,3316dd8728419ad3534e3f6112aa6291f587078a,b6d0a1f034d158b0d37b51d559379697
3.7.0-1.4.pre,ac5c83dd5ff1ddfae2f642401f67db550428aee3,501ef5cbd64ca70b6b42672346af6a8a
3.7.0-1.3.pre,7b8906637ffd2b4cfde561f40a6f4eaab6bade13,501ef5cbd64ca70b6b42672346af6a8a
3.7.0-1.2.pre,8c99b0feaf9715af490612f00954c6a76374a907,501ef5cbd64ca70b6b42672346af6a8a
3.7.0-1.1.pre,4971c5b2e7e66cb7abc858b4e0203ce7d39f6ff1,c7dc2f8f88f49836586d90b0dbf9d45d
3.3.9,8f2221fbef28b478debb78dd233f5250b220ca99,b0e899ec5a90e4661501f0b69e9dd70f
3.6.0-0.1.pre,b754eabc98fb5dc75d90b8b5fca440ce8aac4c44,1bd8ca171064c8b8d387e47f96375a6f
3.3.8,857bd6b74c5eb56151bfafe91e7fa6a82b6fee25,b0e899ec5a90e4661501f0b69e9dd70f
3.3.7,857bd6b74c5eb56151bfafe91e7fa6a82b6fee25,b0e899ec5a90e4661501f0b69e9dd70f
3.3.6,3ad69d7be3a7231aab5525db322fc699f098315f,b0e899ec5a90e4661501f0b69e9dd70f
3.3.5,3ad69d7be3a7231aab5525db322fc699f098315f,b0e899ec5a90e4661501f0b69e9dd70f
3.4.0-34.1.pre,db0cbb2145c227cdac34b7a6a866e274f06e6e12,b6a1c0b8562a7680adedfbb8fcc5a065
3.3.4,c08d7d5efc9aa6eb3c30cfb3be6dc09bca5e7631,b0e899ec5a90e4661501f0b69e9dd70f
3.3.3,5c984c26ebc4a0a8897305d3c6bef70ced91090d,b0e899ec5a90e4661501f0b69e9dd70f
3.4.0-17.2.pre,3950c6140a3f1cb295364b0446627bd3a1736915,1044d5d7857485639caee4798a5dcbb7
3.4.0-17.1.pre,9b2472da99dd27fd1cd817ae47cd2e3328d1049b,1044d5d7857485639caee4798a5dcbb7
3.3.2,a4ff2c53d84ca78702bc3be6c7ef0788ffca01d3,b0e899ec5a90e4661501f0b69e9dd70f
3.3.1,3efdf03e73dd352873fc5a7e1c0de04e52863b3a,b0e899ec5a90e4661501f0b69e9dd70f
3.3.0,5e9e0e0aa8be4ff69facadd706b713f0bb54d5b3,b0e899ec5a90e4661501f0b69e9dd70f
3.3.0-0.5.pre,ad3d868e0d174f5a8447b011bd714d18a5f2abec,b0e899ec5a90e4661501f0b69e9dd70f
3.3.0-0.4.pre,ad3d868e0d174f5a8447b011bd714d18a5f2abec,b0e899ec5a90e4661501f0b69e9dd70f
3.3.0-0.3.pre,f16e757d5d68c164d084b61d84e3b7cd14eacba9,b0e899ec5a90e4661501f0b69e9dd70f
3.3.0-0.2.pre,d1e7dc18bf272f7f2be1c9094307fa0462787ff2,b0e899ec5a90e4661501f0b69e9dd70f
3.3.0-0.1.pre,fd131c385ee2a2d0484c49ed859911798e4e177b,b0e899ec5a90e4661501f0b69e9dd70f
3.3.0-0.0.pre,1388adb442192ce155630eeb6806b74db07dd15e,b0e899ec5a90e4661501f0b69e9dd70f
3.0.5,e85ea0e79c6d894c120cda4ee8ee10fe6745e187,1441d6b13b8623fa7fbf61433abebd31
3.0.4,6ba2af10bb05c88a2731482cedf2cfd11cf5af0b,1441d6b13b8623fa7fbf61433abebd31
3.0.3,ffe7b86a1e5b5cb63c8385ae1adc759e372ee8f4,1441d6b13b8623fa7fbf61433abebd31
3.1.0-9.0.pre,74ee6b5afd8d7c3f7c66efa1a2a384e15267f9be,8e50e448b241be23b9e990094f4dca39
3.0.2,f15f824b57476e369b5e656f53d4c431c5b04b9a,1441d6b13b8623fa7fbf61433abebd31
3.1.0,44e5b38ee83a1282981a30abc08ffcf6cd0e44bd,6a9b5a03a7e784a4558b10c769f188d9
3.0.1,caaafc5604ee9172293eb84a381be6aadd660317,1441d6b13b8623fa7fbf61433abebd31
3.0.0,d1b9a6938ad77326ac3a94d92bbc77933ed829ed,1441d6b13b8623fa7fbf61433abebd31
2.13.0-0.4.pre,c5caf749fe75db788dba8def502c46c094435605,1441d6b13b8623fa7fbf61433abebd31
2.13.0-0.3.pre,3096903c8923608d3c1ccf8058a29c31a2bfbc53,1441d6b13b8623fa7fbf61433abebd31
2.13.0-0.2.pre,24a02fa5ee681840cdc842c22f4cb4bdd5ec3115,1441d6b13b8623fa7fbf61433abebd31
2.10.5,57d3bac3dd5cb5b0e464ab70e7bc8a0d8cf083ab,d56742caf7b3b3f4bd2df93a9bbb5503
2.13.0-0.1.pre,499984f99cfe01e3b69d962ec4847f70c4317694,1441d6b13b8623fa7fbf61433abebd31
2.13.0-0.1.pre,499984f99cfe01e3b69d962ec4847f70c4317694,1441d6b13b8623fa7fbf61433abebd31
2.12.0-4.2.pre,486f4a749e532b865d5d24990d865f7d902b8fb3,a0cb0c928b23bc17a26e062b351dc44d
2.10.4,57d3bac3dd5cb5b0e464ab70e7bc8a0d8cf083ab,d56742caf7b3b3f4bd2df93a9bbb5503
2.12.0-4.1.pre,e9f57b5d0f56ea3288c7206f56717ca19ffe5358,a0cb0c928b23bc17a26e062b351dc44d
2.10.3,bd539267b42051b0da3d16ffa8f48949dce8aa8f,d56742caf7b3b3f4bd2df93a9bbb5503
2.10.2,a83ed0e5e3b9cd2b5e2f07ef31c72f43c55e93b7,d56742caf7b3b3f4bd2df93a9bbb5503
2.11.0-0.1.pre,e3559935720ea88dfcdf9079c394ffdb5146ceab,ded6ef11c73fdc638d6ff6d3ad22a67b
2.11.0-0.1.pre,e3559935720ea88dfcdf9079c394ffdb5146ceab,ded6ef11c73fdc638d6ff6d3ad22a67b
2.10.1,ab46186b246f5a36bd1f3f295d14a43abb1e2f38,d56742caf7b3b3f4bd2df93a9bbb5503
2.10.0,776efd2034d50af73e2876d703213601df384e88,d56742caf7b3b3f4bd2df93a9bbb5503
2.10.0-0.3.pre,5ac30ef0c70b76c5d5b5465b0ad4f08d5433684f,d56742caf7b3b3f4bd2df93a9bbb5503
2.10.0-0.3.pre,5ac30ef0c70b76c5d5b5465b0ad4f08d5433684f,d56742caf7b3b3f4bd2df93a9bbb5503
2.10.0-0.2.pre,74b74b10ea6764e373ca2bcb420fdb4a6f6b5918,d56742caf7b3b3f4bd2df93a9bbb5503
2.10.0-0.2.pre,74b74b10ea6764e373ca2bcb420fdb4a6f6b5918,d56742caf7b3b3f4bd2df93a9bbb5503
2.10.0-0.1.pre,63ca99584a1aef79722b2a7c6414570b54416bab,d56742caf7b3b3f4bd2df93a9bbb5503
2.10.0-0.1.pre,63ca99584a1aef79722b2a7c6414570b54416bab,d56742caf7b3b3f4bd2df93a9bbb5503
2.8.1,890a5fca2e34db413be624fc83aeea8e61d42ce6,adf563436d12ba0d50ea5beb7f3be1bb
2.9.0-0.1.pre,234aca678a2fb70ff2659870186f97c32f8894f4,3318fe66091c0ffbb64faec39976cb7d
2.9.0-0.1.pre,234aca678a2fb70ff2659870186f97c32f8894f4,3318fe66091c0ffbb64faec39976cb7d
2.8.0,40a99c595137e4b2f5b2efa8ff343ea23c1e16b8,adf563436d12ba0d50ea5beb7f3be1bb
2.8.0-3.3.pre,06a7363b0cfd4092fe06eb80f829b5fbc94fd32a,adf563436d12ba0d50ea5beb7f3be1bb
2.8.0-3.2.pre,bcc2b7f12cada3d1359e353c416568b4c3f6df69,adf563436d12ba0d50ea5beb7f3be1bb
2.8.0-3.1.pre,09f1520e8b9585d133faf1eccced9357670c6d11,adf563436d12ba0d50ea5beb7f3be1bb
2.7.0-3.1.pre,a75e3b80f9c1ffb30bbe736c5a42e4a815a79197,24d9d411c2f90c8fbe8907f99e89d4b0
2.7.0-3.0.pre,bbba2b2437d739a455ecafb66a22a46d31b233ed,24d9d411c2f90c8fbe8907f99e89d4b0
2.5.3,d3ea636dc5d16b56819f3266241e1f708979c233,9cf77f4405212c45daf608e1cd646852
2.5.2,6ac856380fa4f66469552ce986edf59f65f7cd68,9cf77f4405212c45daf608e1cd646852
2.6.0-11.0.pre,5b81c6d615c395d70f7032763aa8e89f16fb2bdd,f1db3415a45bf430607898342ec95936
2.5.1,b3af521a050e6ef076778bcaf16e27b2521df8f8,9cf77f4405212c45daf608e1cd646852
2.6.0-5.2.pre,1d521d89d8d98f27be4e0ff84d5c6b72dbdc91ca,f10776149bf76be288def3c2ca73bdc1
2.6.0-5.1.pre,0bd9be379a17d0e22d1f4fc1e562dbc9e6978832,f10776149bf76be288def3c2ca73bdc1
2.5.0,f0826da7ef2d301eb8f4ead91aaf026aa2b52881,9cf77f4405212c45daf608e1cd646852
2.5.0,f0826da7ef2d301eb8f4ead91aaf026aa2b52881,9cf77f4405212c45daf608e1cd646852
2.5.0-5.3.pre,fcde2c8b2f0891c80e1f0f794bc7c26dd50f2949,9cf77f4405212c45daf608e1cd646852
2.6.0-0.0.pre,d5adde01dd672ba4f6819d85218beb01142dca27,f2ed175878eb1ab377414135b301edb8
2.5.0-5.2.pre,7a4c4505f6a7a1aa758d62b58150dce43cfa473f,9cf77f4405212c45daf608e1cd646852
2.5.0-6.0.pre,07ec4b82c71ce2f34c72caeaf061f7ad82cb25e4,47d2fd85fe2d669fbde6102e01968b36
2.5.0-5.1.pre,fbeb7e22bd6d594a16c487cc138970fbd2a77d40,9cf77f4405212c45daf608e1cd646852
2.5.0-5.0.pre,a0d89b1a543d3db982744179d846fb8e8397e889,b555f636e5ed67c4cd65ec7250ff2930
2.5.0-1.0.pre,a877f6fed68e1b961f76ec0fece9e7c684679e75,0ace76156789dce96e2a5d89e2895a4b
2.4.0-4.2.pre,844c29f42a614420b2205c178f22d30b43a8b0bb,659a72e41e3276e882709901c27de33d
2.4.0-4.1.pre,ed25e8f01efe6e778cdc65a1858ba3c5ce629786,659a72e41e3276e882709901c27de33d
2.4.0-4.0.pre,ed25e8f01efe6e778cdc65a1858ba3c5ce629786,659a72e41e3276e882709901c27de33d
2.4.0-0.0.pre,c633b2a6a04ffe81308cdd8916c062725a8ed1e1,179244c371e0a111ba4142c8cdd14de1
2.2.3,241c87ad800beeab545ab867354d4683d5bfb6ce,e4a09dbf2bb120fe4674e0576617a0dc
2.3.0-24.1.pre,9d517f475ba1282b619477bde8e708d6a34287cf,7a5b240780941844bae88eca5dbaa7b8
2.3.0-24.0.pre,ddbac024d165c373396e1f125666848d1539a38d,7a5b240780941844bae88eca5dbaa7b8
2.2.2,91c9fc8fe011352879e3bb6660966eafc0847233,e4a09dbf2bb120fe4674e0576617a0dc
2.2.2,91c9fc8fe011352879e3bb6660966eafc0847233,e4a09dbf2bb120fe4674e0576617a0dc
2.3.0-16.0.pre,2f067fc4c57d53e565532f4e188c947fe48cd57d,b94a04a25144701785e6e30df9f2d66d
2.2.1,0fdb562ac8068ce3dda6b69aca3f355f4d1d2718,e4a09dbf2bb120fe4674e0576617a0dc
2.2.0,a9d88a4d182bdae23e3a4989abfb7ea25954aad1,e4a09dbf2bb120fe4674e0576617a0dc
2.3.0-12.1.pre,26e217e6c3d487bb3c0cbf8a7edb378952a51d33,03e6d2a403f559edb69f9e16146a50f2
2.2.0,a9d88a4d182bdae23e3a4989abfb7ea25954aad1,e4a09dbf2bb120fe4674e0576617a0dc
2.3.0-1.0.pre,e7939e091e2c995db93e8febd2814e9235225925,960c5f6e01bf057848eae4f97e563a36
2.2.0-10.3.pre,a123e75c6082da3a08f229b9c565e64b5b24a8a3,e4a09dbf2bb120fe4674e0576617a0dc
2.0.6,05e680e202af9a92461070cb2d9982acad46c83c,5b97292b25f0a715613b7a28e0734f77
2.2.0-10.2.pre,91ed51e05c68efdbddf642735f164fc914358cff,e4a09dbf2bb120fe4674e0576617a0dc
2.3.0-0.1.pre,de6e1adf9730aad8e531690d2b3752b663ebbdaa,e89bb14ef57e26574631b8178f11ee79
2.0.5,b09f014e9658da6647361e7e416d1a159d34192d,5b97292b25f0a715613b7a28e0734f77
2.2.0-10.1.pre,d2a2e93510ad6cfc3d62a90d903b7056e4da8264,34f6eec64e9371856eaaa278ccf56538
2.2.0-10.1.pre,d2a2e93510ad6cfc3d62a90d903b7056e4da8264,34f6eec64e9371856eaaa278ccf56538
2.0.4,2dce47073a378673f6ca095e91b8065544c3a881,5b97292b25f0a715613b7a28e0734f77
2.0.3,3459eb24361807fb186953a864cf890fa8e9d26a,5b97292b25f0a715613b7a28e0734f77
2.1.0-12.2.pre,711ab3fda05004ee5f6035f2a0bf099fca39a129,39a9141bbcc3cae43e6f9f6b7fbaafe3
2.0.2,5d8bf811b3072390933d69f3e289a4bb673636c4,5b97292b25f0a715613b7a28e0734f77
2.1.0-12.1.pre,711ab3fda05004ee5f6035f2a0bf099fca39a129,39a9141bbcc3cae43e6f9f6b7fbaafe3
2.0.2,5d8bf811b3072390933d69f3e289a4bb673636c4,5b97292b25f0a715613b7a28e0734f77
2.0.1,40441def692f444660a11e20fac37af9050245ab,5b97292b25f0a715613b7a28e0734f77
2.0.1,40441def692f444660a11e20fac37af9050245ab,5b97292b25f0a715613b7a28e0734f77
2.1.0-10.0.pre,a252ec09b74cca0f8d8d3450566bf77c77f81e8d,f6a6cef736ffc4c3af80bffd37d6e45b
2.0.0,40441def692f444660a11e20fac37af9050245ab,5b97292b25f0a715613b7a28e0734f77
2.0.0,40441def692f444660a11e20fac37af9050245ab,5b97292b25f0a715613b7a28e0734f77
1.26.0-17.8.pre,042c82b02c83c20e57a67d86a8d3b7677d983556,5b97292b25f0a715613b7a28e0734f77
1.27.0-8.0.pre,6993cb229b99e6771c6c6c2b884ae006d8160a0f,e8b7543ba0865c5bac45bf158bb3d4c1
1.26.0-17.7.pre,4a466e17cb02da06e9e256a278cb9779f2abb245,5b97292b25f0a715613b7a28e0734f77
1.27.0-4.0.pre,1d537824d6d29bf9967172d32450ef0671097cef,e8b7543ba0865c5bac45bf158bb3d4c1
1.26.0-17.6.pre,21fa8bb99e9a20563d9a7d39afeba8e5c811a7eb,5b97292b25f0a715613b7a28e0734f77
1.26.0-17.5.pre,d4453f601890ec682bbf8f5659b70f15cce1d67d,5b97292b25f0a715613b7a28e0734f77
1.27.0-1.0.pre,b04955656c87de0d80d259792e3a0e4a23b7c260,3309d422163e238c4f079ab2eff8468e
1.26.0-17.1.pre,5d3477eab415fbcc3d58624b07f0a768f8208f98,f825989a7b7325a3cb548893706a89cd
1.22.6,2f0af3715217a0c2ada72c717d4ed9178d68f6ed,8ee4ef7a67df9845fba331734198a953
1.26.0-12.0.pre,effb529ecec86cbcad2ced2a567cb14ab20b10d5,37f5a68f6d9885a875de9587a2fb600c
1.25.0-8.3.pre,7a8f8ca02c276dce02f8dd42a44e776ac03fa9bc,9e2165577cef0f0f70f9ff072107920c
1.26.0-8.0.pre,42a8d4c681baf87d2f2829ed3728eee4fe2bc3fe,aec2861b8a7fb93059cdbfbaf230c8a4
1.25.0-8.2.pre,92ae191c17a53144bf4d62f3863c110be08e3fd3,9e2165577cef0f0f70f9ff072107920c
1.26.0-1.0.pre,4797b066524201e86d6bc5c110104c390899f264,829d11a5989e6bd2526c514b9c2e410e
1.25.0-8.1.pre,92ae191c17a53144bf4d62f3863c110be08e3fd3,9e2165577cef0f0f70f9ff072107920c
1.22.5,ae90085a8437c0ae94d6b5ad2741739ebc742cb4,8ee4ef7a67df9845fba331734198a953
1.25.0-8.0.pre,df39e5c51517a73e61647286ab21252074512c63,9e2165577cef0f0f70f9ff072107920c
1.25.0-4.0.pre,20caf549695193a9920ca37752eca4f141bbef31,9a7ca53956616eff82b5118a5646ecd7
1.24.0-10.2.pre,07c1eed46b9d9b58df78566e9b8b2e42e80d3380,a2bdb58c7edf9471da9180bf8185e7f7
1.24.0-10.2.pre,07c1eed46b9d9b58df78566e9b8b2e42e80d3380,a2bdb58c7edf9471da9180bf8185e7f7
1.24.0-10.1.pre,bd390c0310ed240f5781b55b6eb6d5b9f0e2955f,a2bdb58c7edf9471da9180bf8185e7f7
1.22.4,2c956a31c0a3d350827aee6c56bb63337c5b4e6e,8ee4ef7a67df9845fba331734198a953
1.24.0-7.0.pre,073263e39d1d12313c9622ac3788cc9f2b01f582,5f5dd71f0d89fecf2ed8f6e87c213275
1.24.0-6.0.pre,073263e39d1d12313c9622ac3788cc9f2b01f582,5f5dd71f0d89fecf2ed8f6e87c213275
1.22.3,a1440ca392ca23e874a105c5f3248b495bd0e247,8ee4ef7a67df9845fba331734198a953
1.24.0-3.0.pre,defa8be2b10650dad50dfee9324ed8d16eeec13f,2271cfbd1a08b3bb99ea8727cdd0e564
1.24.0-1.0.pre,069b3cf8f093d44ec4bae1319cbfdc4f8b4753b6,1448a25ffd3b0f8d97bcd5eb5980feb6
1.22.2,b8752bbfff0419c8bf616b602bc59fd28f6a3d1b,8ee4ef7a67df9845fba331734198a953
1.23.0-18.1.pre,1d12d82d9cb54876f58044aa52198d53ec841c3d,953aa80d78c4d8886e3e4d784fd9d95f
1.23.0-18.0.pre,66344068899635154addec16005167113b9c1e9d,953aa80d78c4d8886e3e4d784fd9d95f
1.23.0-13.0.pre,443cd5a1e1b3ef5d98953a6f4cf1b30df582d0ca,49f28fbe1e16c41d8bc794b024c9171b
1.22.1,75bef9f6c8ac2ed4e1e04cdfcd88b177d9f1850d,8ee4ef7a67df9845fba331734198a953
1.22.0-12.4.pre,75bef9f6c8ac2ed4e1e04cdfcd88b177d9f1850d,8ee4ef7a67df9845fba331734198a953
1.23.0-7.0.pre,3a73d073c8bedb678d82ee78daf05037b3a7a85e,70cbcf7b49d7e90b8b50ec409457f1f2
1.22.0,5babba6c4d25fa237bbf755ab85c9a0c50b3c6ec,8ee4ef7a67df9845fba331734198a953
1.22.0-12.3.pre,5babba6c4d25fa237bbf755ab85c9a0c50b3c6ec,8ee4ef7a67df9845fba331734198a953
1.22.0-12.2.pre,f763b5b9b936872bc6c84b4395286ce684e3b431,8ee4ef7a67df9845fba331734198a953
1.23.0-4.0.pre,2abe69c6081888f28217d8dece4fde2f5490fbab,ebd546b338c127fc12395d652327c084
1.22.0-12.1.pre,4654fc6cf6416daae78eac2c211ad84c46e21625,8ee4ef7a67df9845fba331734198a953
1.20.4,d1bc06f032f9d6c148ea6b96b48261d6f545004f,04645b6182fad3d68350d84669869ce5
1.22.0-12.0.pre,fee6f9e5333472a1931d00f521252901d60e0c76,8ee4ef7a67df9845fba331734198a953
1.20.3,d1bc06f032f9d6c148ea6b96b48261d6f545004f,04645b6182fad3d68350d84669869ce5
1.22.0-9.0.pre,07e2520d5d8f837da439317adab4ecd7bff2f72d,f5de31057025dabaeb9262ec1b8ef33b
1.21.0-9.2.pre,20a953183580250aac2e15d36007664118bda5ab,5f40b0a9f04b5018fa08a9b67fd316cd
1.22.0-1.0.pre,81027ab0cc0e7974beee760eb042827a44dd12f3,3fbb5898e1b2294b3b432e5a9baa47c3
1.21.0-9.1.pre,267070c17a6956de1a03dbe09cda56f0c485f41b,5f40b0a9f04b5018fa08a9b67fd316cd
1.20.2,9d5b21729ff53dbf8eadd8bc97e0e30d77abec95,04645b6182fad3d68350d84669869ce5
1.20.2,9d5b21729ff53dbf8eadd8bc97e0e30d77abec95,04645b6182fad3d68350d84669869ce5
1.21.0-9.0.pre,6d86e67f04d8b8cf16c64b466a4e7a04c497f271,5f40b0a9f04b5018fa08a9b67fd316cd
1.21.0-7.0.pre,083282e33bbb0f7c7cbb9eb2fd1af06ecb636ea9,d87fcd044a4c80e6c35920fc6cdb2942
1.20.1,c8e3b9485386425213e2973126d6f57e7ed83c54,04645b6182fad3d68350d84669869ce5
1.20.0,c8e3b9485386425213e2973126d6f57e7ed83c54,04645b6182fad3d68350d84669869ce5
1.20.0-7.4.pre,d6ee1499c27a156a797d9f1539ffb7892855c1d0,04645b6182fad3d68350d84669869ce5
1.20.0-7.3.pre,ac95267aef5175b3f6c3387d502070c68f588ad5,04645b6182fad3d68350d84669869ce5
1.20.0-7.2.pre,60b269d898cbe0be27e9b9ba9d21eae97b887ab6,8b2ca977d1d2920b9839d1b60eade6a7
1.21.0-1.0.pre,99c2b3a2455511c3fd37521d9b00972c5345b75b,cf28bbe6b5e0f24ecb48ca8abbcb5f57
1.20.0-7.1.pre,d48085141c2f201b1c534e6926eb39bb52d9db3e,8b2ca977d1d2920b9839d1b60eade6a7
1.20.0-7.0.pre,0dc86cda19d55aba8b719231c11306eeaca4b798,8b2ca977d1d2920b9839d1b60eade6a7
1.20.0-3.0.pre,a751393804dcc8655c3361c1faf256c9291bf26b,ec7f41beae0c8f00109820695ab99a20
1.19.0-4.3.pre,9a28c3bcf40ce64fee61e807ee3e1395fd6bd954,59da07d9da5a83be4ce75b7913b63dbd
1.19.0-4.2.pre,9a28c3bcf40ce64fee61e807ee3e1395fd6bd954,59da07d9da5a83be4ce75b7913b63dbd
1.20.0-2.0.pre,91a63d6a44c56ca13baadccedc46fd66b001fdbc,76070dd606744a9afc332cb66b613df2
1.17.5,ee76268252c22f5c11e82a7b87423ca3982e51a7,be7d304ff826e2dfac63538e227c3cc5
1.17.4,ee76268252c22f5c11e82a7b87423ca3982e51a7,be7d304ff826e2dfac63538e227c3cc5
1.20.0-0.0.pre,e8c13aa012c915c6a290d2a85950af67303e75f9,5a08c49b17aec9162c816303a1433354
1.19.0-4.1.pre,9a28c3bcf40ce64fee61e807ee3e1395fd6bd954,59da07d9da5a83be4ce75b7913b63dbd
1.19.0-5.0.pre,c7f9725521c0dff7712d54f26322ac3463572394,e81d7685ffc22e522c8dde5061e3e0f8
1.19.0-4.0.pre,d17c84e7af9081ea95cc4563559fd53e119e6038,59da07d9da5a83be4ce75b7913b63dbd
1.17.3,ee76268252c22f5c11e82a7b87423ca3982e51a7,be7d304ff826e2dfac63538e227c3cc5
1.19.0-3.0.pre,e39301f23f324d1685678bcbb1682643e22b3a67,92b48f782c20c41a191a2298e8c4a537
1.19.0-2.0.pre,923687f0e7ff0cddcbd05c98fd3ca12db9c45ac8,92b48f782c20c41a191a2298e8c4a537
1.17.2,b851c718295a896918dc93cb1ff14f2f895a1b90,be7d304ff826e2dfac63538e227c3cc5
1.18.0-11.1.pre,ef9215ceb2884ddf520d321bcd822d1461330876,b58ead73b2c5dfec69565df469bba387
1.17.1,6bc433c6b6b5b98dcf4cc11aff31cdee90849f32,74edb834fac3fcea79d7ac2d1d6f1fb2
1.19.0-1.0.pre,d96f962ca21a104b08836f34814eb6b267937511,f5ea1e9940b6aaf4df2649a6d379928b
1.19.0-0.0.pre,3953c3ccd15a54a0718700aa11ead664b264b7dd,2692b1e03fdf2af47afad07f294e9a9c
1.18.0-13.0.pre,d6aa099de7c700e7ce44f4ddeb0fc1a078bd0067,2692b1e03fdf2af47afad07f294e9a9c
1.18.0-12.0.pre,33d2367950154e7f8daf9ce9992a450016289a5f,b58ead73b2c5dfec69565df469bba387
1.18.0-11.0.pre,33d2367950154e7f8daf9ce9992a450016289a5f,b58ead73b2c5dfec69565df469bba387
1.17.0,540786dd51f112885a89792d678296b95e6622e5,74edb834fac3fcea79d7ac2d1d6f1fb2
1.18.0-10.0.pre,33d2367950154e7f8daf9ce9992a450016289a5f,b58ead73b2c5dfec69565df469bba387
1.18.0-9.0.pre,040747ed404590aa25490e48b15db10a75e16cba,591abdc59f04644e4d7645c3f0a0f31b
1.17.0-3.4.pre,540786dd51f112885a89792d678296b95e6622e5,74edb834fac3fcea79d7ac2d1d6f1fb2
1.17.0-3.3.pre,376ad6a64b08aa26005e3f82aed26de2e290b572,74edb834fac3fcea79d7ac2d1d6f1fb2
1.18.0-8.0.pre,d2ec21221e299b56e6ecb297e7710c63e7b7ba87,593ab10defb2c9b323d552241c790db7
1.18.0-7.0.pre,fe14e03236ca03f4c98056fbccd66e89b5281e15,593ab10defb2c9b323d552241c790db7
1.17.0-3.2.pre,4c8c31f591882b3c668992d2e9da761118899f38,74edb834fac3fcea79d7ac2d1d6f1fb2
1.18.0-6.0.pre,2bde4f0ae4304d8c6d4ed7d5d0a54bc4010f2196,584f76703bdc27bf8e9cf560354e873b
v1.12.13+hotfix.9,af51afceb8886cc11e25047523c4e0c7e1f5d408,20e5c4f7dc44368ac5a17643b93665f6
1.18.0-dev.5.0,beb8a7ec48f6b980a778d19eeda613635c3897c9,28e5a4c9b745e287b24fc03101d8c4d1
1.18.0-dev.4.0,49891e065313d26bbc2ddc9805fb7ed27edae174,8d250dca7ec13e13f7ee6d4dc6e4c866
1.18.0-dev.3.0,df257e59c24175e1f7181db7524c6df605e50031,8d250dca7ec13e13f7ee6d4dc6e4c866
1.18.0-dev.2.0,df257e59c24175e1f7181db7524c6df605e50031,8d250dca7ec13e13f7ee6d4dc6e4c866
1.17.0-dev.3.1,c9506cb8e93e5e8879152ff5c948b175abb5b997,9e7cb7c9394c24c2398410b902673e13
1.18.0-dev.1.0,4cfbe45033ef2788512932fd75d51c84036c204a,5755f145e518c3a3e5467bc0e4206ca0
1.18.0-dev.0.0,09bc1fc45e505118e96afedd7ba365e593369697,5755f145e518c3a3e5467bc0e4206ca0
1.17.0-dev.5.0,f56e678e7fa9f1249253f06c8c0797ddc67a9df2,d577004bdd4b0ae4aff1fe9418f8e108
1.17.0-dev.4.0,8166a91bca11b83c16fba8f8fd407e937a2ac89c,d577004bdd4b0ae4aff1fe9418f8e108
1.17.0-dev.3.0,c9506cb8e93e5e8879152ff5c948b175abb5b997,9e7cb7c9394c24c2398410b902673e13
1.17.0-dev.2.0,c9506cb8e93e5e8879152ff5c948b175abb5b997,9e7cb7c9394c24c2398410b902673e13
1.17.0-dev.1.0,fc5b44c901ceb37d3f98715b2b9d857ca64e4db6,9e7cb7c9394c24c2398410b902673e13
1.17.0-dev.0.0,c779894d089554620134408b3cb6ea515489dc14,fcf5987e9905b9cb0284432dfa1ea2ff
v1.16.3,b2bdeb3f0f1683f3e0562f491b5e316240dfbc2c,fcf5987e9905b9cb0284432dfa1ea2ff
v1.16.2,2d42c74a348d98d2fd372a91953c104e58f185cd,dca728a34350ead7a40d66ae49898ab3
v1.16.1,216c420a2c06e5266a60a768b3fd0b660551cc9c,f98026d2245e5193b4c4766d883cf831
v1.16.0,083a7c2bcaaf8f2edd1994d2830e0b4a291e7342,3ed814dc5ba54b83877622f07f8efe6a
v1.15.17,5aff3119480996ca014ec0f8d26d74db617b5852,ee91a9191a5286c31d91a89754ba36af
v1.15.22,6801b4dae791e458db94775d675fec1fb5efb15f,21c64959ddcffbbe98dd50bf0f56acbe
v1.15.21,d7a00b8b09b09d299f12ff0709438896153082a6,bcb42ad731bb2252562cf7119e8d38bf
v1.15.20,0e2c8feeeb47618ffa468bcbc7f3bd2ceb93ad6d,ee91a9191a5286c31d91a89754ba36af
v1.15.19,0e2c8feeeb47618ffa468bcbc7f3bd2ceb93ad6d,ee91a9191a5286c31d91a89754ba36af
v1.15.18,5aff3119480996ca014ec0f8d26d74db617b5852,ee91a9191a5286c31d91a89754ba36af
v1.15.17,5aff3119480996ca014ec0f8d26d74db617b5852,ee91a9191a5286c31d91a89754ba36af
v1.15.16,4da196caa1ce854e0b3f97587e4220e14aa2c335,ee91a9191a5286c31d91a89754ba36af
v1.15.15,3bf196591bc312b38399a598f8c9e5d752de56e2,ee91a9191a5286c31d91a89754ba36af
v1.15.14,e28d26e3054ef005ec273fbedbaad257d5d393cf,ee91a9191a5286c31d91a89754ba36af
v1.15.13,e28d26e3054ef005ec273fbedbaad257d5d393cf,ee91a9191a5286c31d91a89754ba36af
v1.15.12,2e2a9e192d3d8f4f8aa96ca283947f4125bf836c,eec64b4f56ed7083f6b3f9215bc00ee4
v1.15.11,3e380092e270846373ee9739406bf471050c02c6,eec64b4f56ed7083f6b3f9215bc00ee4
v1.15.10,7df0a6e35e5c1a4e541fb53538bc527daa41ba7c,eec64b4f56ed7083f6b3f9215bc00ee4
v1.15.9,810727bf3f8f7a9d23ee8e65a5209944c80fde58,8df17e43f5d039756a4be463bd53f16c
v1.15.8,810727bf3f8f7a9d23ee8e65a5209944c80fde58,8df17e43f5d039756a4be463bd53f16c
v1.15.7,b77f509e0bb80f3e5988d36df34d4841cf344fa4,8df17e43f5d039756a4be463bd53f16c
v1.15.6,b77f509e0bb80f3e5988d36df34d4841cf344fa4,8df17e43f5d039756a4be463bd53f16c
v1.15.5,90bd6f8148178b5cfe80ab21b3dc36ab7d49f6ac,8df17e43f5d039756a4be463bd53f16c
v1.15.4,90bd6f8148178b5cfe80ab21b3dc36ab7d49f6ac,8df17e43f5d039756a4be463bd53f16c
v1.12.13+hotfix.8,e1e6ced81d029258d449bdec2ba3cddca9c2ca0c,20e5c4f7dc44368ac5a17643b93665f6
v1.15.3,6158f03ef5fae3ef620264595021609ed9ea3a5c,1ef14c4736dbf4b1913c1159a52912f7
v1.15.2,f34bc65bee49e1ac33d7bab178d1e4b4dd346881,ea0806b1a49f2f2088770b414ead0a35
v1.15.1,81dffd1241e67f7e514b5fcc9eab4902721ae575,7e3316e180825d1f779f78c2d77a47d8
v1.15.0,81dffd1241e67f7e514b5fcc9eab4902721ae575,7e3316e180825d1f779f78c2d77a47d8
v1.14.6,c4229bfbbae455ad69c967be19aee3fadd6486e1,e739779cc1d28f0f697a92f2daf5f10f
v1.14.6,c4229bfbbae455ad69c967be19aee3fadd6486e1,e739779cc1d28f0f697a92f2daf5f10f
v1.14.5,439a21816e61b8ede0a884470f99f8b6f4307fd0,8647fa5ecfc24d126d8256b30b1ff5c6
v1.12.13+hotfix.7,a67792536ca236a971d0efbcfd7af4efb8f6c119,20e5c4f7dc44368ac5a17643b93665f6
v1.14.4,83a64b7233d58809062846391422571f94f0f9d8,e7c20657d2570e8390cf59131adde9f6
v1.14.3,c15efb9231a49e6a2fb21c87bc1289e6aeee71a9,e7c20657d2570e8390cf59131adde9f6
v1.14.2,ecc74c966d1433bf4f5e233a4aad17dfe8ce1bdd,b1db3321978c921cba0461fcaef73d23
v1.14.1,bc41ab513932694fccaed8c2d40e2e66630fdc88,0d7dc8e47a3bed1850c97ee43898a84c
v1.14.0,fd269f60bfc6fffba5ca9598761361d1f5ed6105,803754e538cf1a438b1221a2b5faf840
v1.13.6,bdc9708d235e582483d299642ad8682826ebb90d,81662522448cdd4d02eb060669e5d48b
v1.13.9,f001ea29f1b9664d928acfddbbd9c76a942e2238,fbfd877143383e38eee8a3f1eaeafeb5
v1.13.8,3f52888b3bcf7adb9bc8d7be01f717a0c15b6618,5f03aa6ee25b575c9f3d075a19fb2043
v1.13.7,eb139936eb2c17694aba3fd922adfe8a85c5e8df,d0cc0d54d92b623c9d369ca3537dc635
v1.13.6,bdc9708d235e582483d299642ad8682826ebb90d,81662522448cdd4d02eb060669e5d48b
v1.13.5,0f90e6546bf302bda9b1e8213a004ed5c16d13c4,675c10104e4334c9da289ab872fea2e2
v1.13.4,0f90e6546bf302bda9b1e8213a004ed5c16d13c4,675c10104e4334c9da289ab872fea2e2
v1.13.3,0f90e6546bf302bda9b1e8213a004ed5c16d13c4,675c10104e4334c9da289ab872fea2e2
v1.13.2,12bf95fd49b7456f08a1274078c4b55e675ad018,0d40051733a4ee7e7793a91ed77fed67
v1.13.1,12bf95fd49b7456f08a1274078c4b55e675ad018,0d40051733a4ee7e7793a91ed77fed67
v1.12.13+hotfix.6,2994f7e1e682039464cb25e31a78b86a3c59b695,20e5c4f7dc44368ac5a17643b93665f6
v1.12.13+hotfix.5,2994f7e1e682039464cb25e31a78b86a3c59b695,20e5c4f7dc44368ac5a17643b93665f6
v1.12.13+hotfix.5,2994f7e1e682039464cb25e31a78b86a3c59b695,20e5c4f7dc44368ac5a17643b93665f6
v1.12.13+hotfix.4,ac9391978e7c0693b75a82c219e059b6ffee35c4,20e5c4f7dc44368ac5a17643b93665f6
v1.12.13+hotfix.3,ac9391978e7c0693b75a82c219e059b6ffee35c4,20e5c4f7dc44368ac5a17643b93665f6
v1.13.0,617938024315e205f26ed72ff0f0647775fa6a71,69045f81def452ca6187efd1cb5e6b54
v1.12.13+hotfix.2,6955b06cedb2425f4363f10642c9b0e63e496af0,20e5c4f7dc44368ac5a17643b93665f6
v1.12.13+hotfix.1,c1e322b685a81c11c16bddd22282925b7d0272e8,20e5c4f7dc44368ac5a17643b93665f6
v1.12.16,fad1b23c42b96197a097fe42d37171f32459fecb,20e5c4f7dc44368ac5a17643b93665f6
v1.12.15,e136d637a87379658ee8f326c4e7875315d1f926,20e5c4f7dc44368ac5a17643b93665f6
v1.12.14,c89ac6347b7e88a562ebc826a5ee9a07c7b4cab7,20e5c4f7dc44368ac5a17643b93665f6
v1.12.13,b6b54fd60631a3828c2e2c9b079b5d1d2d8c8c37,20e5c4f7dc44368ac5a17643b93665f6
v1.12.12,b6b54fd60631a3828c2e2c9b079b5d1d2d8c8c37,20e5c4f7dc44368ac5a17643b93665f6
v1.12.11,d1cac77d5a4edb64901341253fe9e756cb94dc34,20e5c4f7dc44368ac5a17643b93665f6
v1.12.10,ad14574949f5cd0b5eddfd7bc4fd54bb56e00c72,20e5c4f7dc44368ac5a17643b93665f6
v1.12.9,9f4341a2b869ade738bdce64d13075d4fe4a5677,20e5c4f7dc44368ac5a17643b93665f6
v1.11.0,af04338413c3ed73316350f64248a152433073b6,2fb364d659ea53f7892be9ba5e036047
v1.12.7,7a77e3625dd1db5f4f517a129707cb299c48207a,7f885169821cf7a89d8f4a49c44d414a
v1.12.6,6bf311f1d62cc5a0136456748de9d20c6bd589fd,7f885169821cf7a89d8f4a49c44d414a
v1.12.5,176f56329631173cec8e6b1ca6c72f34b2e9a4ed,7f885169821cf7a89d8f4a49c44d414a
v1.12.4,5fb7eb753b28adbc1ca4914d9c27993027885aa7,d48b81bd7c0b41868a303d010886d8d8
v1.12.3,fb9b91428b4401fee584934f4c7ffc90ff84581b,d48b81bd7c0b41868a303d010886d8d8
v1.12.2,b358dc58fbcec7b235a40f550445c8d6877342e1,903f3e0c943f024d682b10f894f2e76d
v1.12.1,31cd2dfca22a282e53eb449d8a3be93b8365c1bc,bd73301b201fa442c56420bbc9c5448c
v1.12.0,2f69e38160a301f4070a8be25dcb66120e4548ac,2fb364d659ea53f7892be9ba5e036047
v1.11.0,af04338413c3ed73316350f64248a152433073b6,2fb364d659ea53f7892be9ba5e036047
v1.10.16,34a40cfbfd369544cbee9d19f212fbbe06e739c2,4d6be598cd9c0869b7062e8a4344d386
v1.10.15,8ea19b1c76f69f7b50e4195f41dfb1cb49a9fe66,8c373bc801ef8907b997963d19234a03
v1.9.1+hotfix.6,b863200c37df4ed378042de11c4e9ff34e4e58c9,c8562f0ee0ebc38ba217c7955956d1cb
v1.9.1+hotfix.5,b863200c37df4ed378042de11c4e9ff34e4e58c9,c8562f0ee0ebc38ba217c7955956d1cb
v1.10.7,9e6314d348f9b5521e3c66856324d7a9c4a928c9,c3bbfe8f226120ad0569d7b78ed2d9ef
v1.10.14,1d62160fdb2f5a1d20f1dccb761a2caa96804c22,bbfd190df732926328ba445a771febf7
v1.10.13,7d90779bb66f2c63444ee41b61c2d9a1c7b389ca,bbfd190df732926328ba445a771febf7
v1.10.12,759d3dba259be0ac7196dcc5d94b66901942d1e5,bbfd190df732926328ba445a771febf7
v1.10.11,759d3dba259be0ac7196dcc5d94b66901942d1e5,bbfd190df732926328ba445a771febf7
v1.10.10,a0605af402ac9b9e54b33ad900da60845ab77961,bbfd190df732926328ba445a771febf7
v1.10.9,2e163b27805be1bd178ad909f9947fe9d85c6010,bbfd190df732926328ba445a771febf7
v1.10.8,aa8fcbb65283bfd8ab37475043ae2ac8fe8671f4,d0e6d7626e06ab31bf67270b37ff292a
v1.10.7,9e6314d348f9b5521e3c66856324d7a9c4a928c9,c3bbfe8f226120ad0569d7b78ed2d9ef
v1.9.1+hotfix.4,b863200c37df4ed378042de11c4e9ff34e4e58c9,c8562f0ee0ebc38ba217c7955956d1cb
v1.9.1+hotfix.4,b863200c37df4ed378042de11c4e9ff34e4e58c9,c8562f0ee0ebc38ba217c7955956d1cb
v1.9.1+hotfix.3,b863200c37df4ed378042de11c4e9ff34e4e58c9,c8562f0ee0ebc38ba217c7955956d1cb
v1.10.6,63949eb0fd982b27adc218364805913380af7411,4d75e7eb64b77034b9e3e19577811de7
v1.10.5,33ad6757e88311f4fb9d341918894e2bc30e3b20,96e8a17629cf9d73208d2cfccc930a7f
v1.10.4,2289072724fff78f9b07f0619796a666e00f69a0,96e8a17629cf9d73208d2cfccc930a7f
v1.10.3,7d8c6d9c1a5c1ce5303a5694bc9f49819c772f5f,9bde2343868bcfc4814fb79599613344
v1.10.2,7ea9884ab00eb0b63f7793ce8664ae55af484eb1,48360207b8ee283a359d27ca7352d8a6
v1.9.1+hotfix.2,b863200c37df4ed378042de11c4e9ff34e4e58c9,c8562f0ee0ebc38ba217c7955956d1cb
v1.10.1,b9ce2500d9e57389c8b873fbbd016852c8ed8d0a,48360207b8ee283a359d27ca7352d8a6
v1.9.1+hotfix.2,b863200c37df4ed378042de11c4e9ff34e4e58c9,c8562f0ee0ebc38ba217c7955956d1cb
v1.10.0,e7f9ef6aa0b9040102d1b3c9a6ae934df746ef94,68cf77b6d1fc9b557802c26dd144297f
v1.9.1+hotfix.1,cc88fa45dbf4c55bc23cecea17fb90f43bccf588,c8562f0ee0ebc38ba217c7955956d1cb
v1.9.7,f52c0b9270de3b2fc3e2785dfa7355e70a0b5fc7,e39caccf4752459650d09c0abf4d167d
v1.9.6,f8c4546eb44556ea40efdf4b108cb11477266a5e,e39caccf4752459650d09c0abf4d167d
v1.9.5,72283b64196cb5df16eb4d1a782da08f320a8014,8408a7c5bd51af20e71f9a66e808f8fe
v1.9.4,975a8aa5752e5774ffcd342a6f987d61bd5d84a5,8408a7c5bd51af20e71f9a66e808f8fe
v1.9.3,c43739ba53ce7c0d6d6f5c9ab90a832302c0b623,762228c411824d5a7ce32f844858415f
v1.9.2,3e10d92b2bbb29fc932868ee025959748285657b,6e44a52d8990d853d90cd3de014d1149
v1.9.1,55406841525fba0dcb7fdf417bf021e96093459d,c8562f0ee0ebc38ba217c7955956d1cb
v1.9.0,4b6b4afd6492499b72bdc59c3a633c7721708087,3bc1b74a777079816871f4b923bf77bc
v1.8.3,38ac5f30a7026e870619c2e8e8c99c070d74036f,34948253b59d5a56b2ec161e17975a4e
v1.8.4,26368225b5ec8c172422f0d9757c75828c11cdd1,9bc6f6130d64837dd7213aa478e1d6f1
v1.8.3,38ac5f30a7026e870619c2e8e8c99c070d74036f,34948253b59d5a56b2ec161e17975a4e
v1.7.8+hotfix.4,fee001c93f25a1e7258e762781a7361f122d29f5,1d7acad1540192ac459cf60344efb7c1
v1.7.8+hotfix.4,fee001c93f25a1e7258e762781a7361f122d29f5,1d7acad1540192ac459cf60344efb7c1
v1.8.2,75387dbc147d1cee8164f5d61582eab8ba1e5058,4997265621b29e882e50456ab42d8856
v1.8.1,3c51a7bfff776e9e3011384f4ff09c13a697c6b6,4997265621b29e882e50456ab42d8856
v1.7.8+hotfix.3,54ad777fd29b031b87c7a68a6637fb48c0932862,1d7acad1540192ac459cf60344efb7c1
v1.7.8+hotfix.3,54ad777fd29b031b87c7a68a6637fb48c0932862,1d7acad1540192ac459cf60344efb7c1
v1.7.8+hotfix.2,b1cb0d9e9b44393efeb735f664672a74732cdc8b,1d7acad1540192ac459cf60344efb7c1
v1.7.8+hotfix.2,b1cb0d9e9b44393efeb735f664672a74732cdc8b,1d7acad1540192ac459cf60344efb7c1
v1.7.11,f3761ba8d01fc6213db44b702c3c38bfdc5c887a,1d7acad1540192ac459cf60344efb7c1
v1.7.10,ae8e6d9f46990b9585dc1fb5b8aabe491c08aaf3,1d7acad1540192ac459cf60344efb7c1
v1.7.9,4444c9cb6c9f1859c1807cff415cd716bb9612ff,1d7acad1540192ac459cf60344efb7c1
v1.7.8,d004bcd4d619fc3574761d63d7cf7b7291332c79,1d7acad1540192ac459cf60344efb7c1
v1.7.7,a9a0b89b1c82aa657708eece3e690bf39cf0ead5,1d7acad1540192ac459cf60344efb7c1
v1.7.6,a9a0b89b1c82aa657708eece3e690bf39cf0ead5,1d7acad1540192ac459cf60344efb7c1
v1.7.4,2589785b5c5eaad64d1da3403048e61d8f230c48,1d7acad1540192ac459cf60344efb7c1
v1.7.3,0602dbb27547cd03d8f8e816b7995cace854f7e6,25ed5741a98d25aafa175175dd75f52b
v1.7.2,86aa01442b5d5a6b9b16ff3cf15d529a92d9d75c,0b4e4e38095461a47b6052ec747497ea
v1.7.1,a63ef4cb4fde6a486818467d806b912f938e57f5,0b4e4e38095461a47b6052ec747497ea
v1.7.0,a32df2c9280033c93a7ed089c294566dabfbf693,eac01d2272aaccf1102b49911d9861a1
v1.6.7,58eff77ef2f808306f0f8d4e46d910b6210bae46,d674137c8a194053e04a8358a92c2e2a
v1.6.3,8dc3a4cde2075a4f5458fd0eb199627f5124508d,c89592e3e4956c33956c8ba0f691dbd0
v1.6.6,8dc3a4cde2075a4f5458fd0eb199627f5124508d,c89592e3e4956c33956c8ba0f691dbd0
v1.6.5,8dc3a4cde2075a4f5458fd0eb199627f5124508d,c89592e3e4956c33956c8ba0f691dbd0
v1.6.4,8dc3a4cde2075a4f5458fd0eb199627f5124508d,c89592e3e4956c33956c8ba0f691dbd0
v1.6.3,8dc3a4cde2075a4f5458fd0eb199627f5124508d,c89592e3e4956c33956c8ba0f691dbd0
v1.6.2,303a3910d398ee48a3411108688ebd5ccc101e8a,18595b5f46eab396a85f20129914639a
v1.6.1,e3772232c2d24c174beac7ef03dff63907cdda46,18595b5f46eab396a85f20129914639a
v1.6.0,832cdacc6f955f080734109900a1658ae7e0d248,063c66cf3ae51e48c330780656345989
v1.5.4-hotfix.2,52c7a1e849a170be4b2b2fe34142ca2c0a6fea1f,eed485c757fba5d731e4054412c99f2e
v1.5.4-hotfix.2,52c7a1e849a170be4b2b2fe34142ca2c0a6fea1f,eed485c757fba5d731e4054412c99f2e
v1.5.4-hotfix.1,52c7a1e849a170be4b2b2fe34142ca2c0a6fea1f,eed485c757fba5d731e4054412c99f2e
v1.5.4,ca31a7c57bada458fa7f5c0d3f36bc1af4ccbc79,eed485c757fba5d731e4054412c99f2e
v1.5.8,c63d1cf9c9ba8c7d8546f24c1248433bdf827153,29f268f2197cadde0b55ba05fbaafbb8
v1.5.7,c63d1cf9c9ba8c7d8546f24c1248433bdf827153,29f268f2197cadde0b55ba05fbaafbb8
v1.5.6,c63d1cf9c9ba8c7d8546f24c1248433bdf827153,29f268f2197cadde0b55ba05fbaafbb8
v1.5.5,e27c867c30dfa24461a9fab356ff57a4bb22650e,29f268f2197cadde0b55ba05fbaafbb8
v1.5.4,ca31a7c57bada458fa7f5c0d3f36bc1af4ccbc79,eed485c757fba5d731e4054412c99f2e
v1.5.3,06fea14e5800c35a4fc4dd10cc31b997f1be81e9,d6e24d65b1bf49f4cd41daddfe2d515b
v1.5.2,fdd427241b7790a1ad86794725b311245ed3b470,a2967d784bf01190add298db8b62285b
v1.5.1,c0ee647ca4226fcb38a5af178a97ce8ba9129184,f84d8d001eedd3a97333e1b2a3fd054c
v1.5.0,9970fb5500710471c031cb86f899bfc3f4a6bafd,f84d8d001eedd3a97333e1b2a3fd054c
v1.4.9-hotfix.1,4737fc5cd89b8f0136e927b00f2e159444b95a73,f630ecdf457e27dd24d3b9e0a6bc1c13
v1.4.18,72986c39ea3669ef26d4d7d7cd0c44f513fcd117,9e1fa667daca1ecf538db8507091794e
v1.4.17,72986c39ea3669ef26d4d7d7cd0c44f513fcd117,9e1fa667daca1ecf538db8507091794e
v1.4.16,72986c39ea3669ef26d4d7d7cd0c44f513fcd117,9e1fa667daca1ecf538db8507091794e
v1.4.15,905c571db50d5eb3b10eaa4d3c43c99321032223,9e1fa667daca1ecf538db8507091794e
v1.4.14,eec74e5c92313f01a28dfbeb78d96e81231edab7,9e1fa667daca1ecf538db8507091794e
v1.4.13,eec74e5c92313f01a28dfbeb78d96e81231edab7,9e1fa667daca1ecf538db8507091794e
v1.4.12,ff1bcdc00941188ba27123a4857b443e3c9392bb,3383321009c0898417a99b9df9a73876
v1.4.11,219bf5938752e0030b491565af1910c137b83dd8,3383321009c0898417a99b9df9a73876
v1.4.10,5944867cabdb934ef9fea0dccb865cb1acef51b5,3383321009c0898417a99b9df9a73876
v1.4.9,cc115500b9cb2b27d59627f202e6cd6bb87f49fc,f630ecdf457e27dd24d3b9e0a6bc1c13
v1.4.8,a850016454f6d33da64d03dbd1ea71fd0fac299f,3a77dc0e4b817ac9954a776220a09629
v1.4.7,c4d14a00716fa616b69d51bab957aee483bdc9c2,fdcf6c4b13c56e5ba32ccc991fc0d80c
v1.4.6-hotfix.1,c4d14a00716fa616b69d51bab957aee483bdc9c2,fdcf6c4b13c56e5ba32ccc991fc0d80c
v1.4.6,c4d14a00716fa616b69d51bab957aee483bdc9c2,fdcf6c4b13c56e5ba32ccc991fc0d80c
v1.4.5,3a3f707d5a9b17388b60ff10b9f65b0c6a3c4134,12ede50e1442e2577bce79348e3bc031
v1.4.4,0d83a2ecd1bb78f8e1f0ed9719ff3751cdfdd064,8d7ca9eab85b719a6371e8d851b51044
v1.4.3,0d83a2ecd1bb78f8e1f0ed9719ff3751cdfdd064,8d7ca9eab85b719a6371e8d851b51044
v1.4.2,0d83a2ecd1bb78f8e1f0ed9719ff3751cdfdd064,8d7ca9eab85b719a6371e8d851b51044
v1.4.1,0d83a2ecd1bb78f8e1f0ed9719ff3751cdfdd064,8d7ca9eab85b719a6371e8d851b51044
v1.4.0,dd6be2fd83710de8392fb554927a5d495684a13e,8d7ca9eab85b719a6371e8d851b51044
v1.3.14,d4d4883216fd1c1dfc17d41418a960c002cfff57,34262bf031ae3b5c8fb9375bf45e037f
v1.3.13,e75f6de01fee738eb15f24efb0ec549587009f1a,e7c8a6096e8cb3ada7a6550e3f87ea88
v1.3.12,e75f6de01fee738eb15f24efb0ec549587009f1a,e7c8a6096e8cb3ada7a6550e3f87ea88
v1.3.11,403337ebb893380101d1fa9cc435ce9b6cfeb22c,31d853261e7a9884297e9a39762a5107
v1.3.8,f4951df193a7966f9ed4da43d555eee0913d84d1,9a66dcb2da955dffdbdb0eafa0288784
v1.3.10,8b1a299ed52d4ef9521ccd65c6c52d563129d8af,b44d84a50bc3dcd23e0979b1bf79849b
v1.3.9,4e54bc93ca9aaf2156fb06266c9fe509e8599a5f,cde614e2103dec94e73556e623ae89e3
v1.3.8,f4951df193a7966f9ed4da43d555eee0913d84d1,9a66dcb2da955dffdbdb0eafa0288784
v1.3.7,f4951df193a7966f9ed4da43d555eee0913d84d1,9a66dcb2da955dffdbdb0eafa0288784
v1.3.6,4f54a1dd944497bd1ec0f2acca22ff9fbd8b377a,a1aaab2706cefc32dd1df8e973509540
v1.3.4,e9eae9a1af77400d02c498f0ad943f2858845398,a1aaab2706cefc32dd1df8e973509540
v1.3.3,39c46dea4b7347a252218aaff5caac5dc2fec8cd,a1aaab2706cefc32dd1df8e973509540
v1.3.2,99f3f7a9c246f1ebedc6eefd867cde250b370380,a1aaab2706cefc32dd1df8e973509540
v1.3.1,3e4e6f5c54db7a705e6d50f7f3bddfa2ac0d6612,a1aaab2706cefc32dd1df8e973509540
v1.3.0,4434a39c7d545ed47186b2f4d98cd09c8366e720,089cfea6f089ab5f4bf8ccd2f7fc27b7
v1.2.2,f1f19bba8f0089490962316867bd222727510ac5,67d5e890b128b2d4141263de5f1ac0d1
v1.2.1,3757390fa4b00d2d261bfdf5182d2e87c9113ff9,0c73eb70aa4d30f450273cb424be8c62
v1.2.1,3757390fa4b00d2d261bfdf5182d2e87c9113ff9,0c73eb70aa4d30f450273cb424be8c62
v1.2.1,3757390fa4b00d2d261bfdf5182d2e87c9113ff9,0c73eb70aa4d30f450273cb424be8c62
v1.2.0,36acd02c9412d0c1e6acbe0fbcb3dd03cda038df,1a4f095af4bcb46ca81bb57339e9667a
v1.1.8,7112b72cc229e05d36716c3d7739885d3ffa72e6,317d4c7e607b1fd7d682c0010aadf1d0
v1.1.8,7112b72cc229e05d36716c3d7739885d3ffa72e6,317d4c7e607b1fd7d682c0010aadf1d0
v1.1.0,7375a0f414bde4bc941e623482221db2fc8c4ab5,8343f188ada07642f47c56e518f1307c
v1.0.0,7375a0f414bde4bc941e623482221db2fc8c4ab5,8343f188ada07642f47c56e518f1307c
v1.0.0,7375a0f414bde4bc941e623482221db2fc8c4ab5,8343f188ada07642f47c56e518f1307c
v1.0.0,7375a0f414bde4bc941e623482221db2fc8c4ab5,8343f188ada07642f47c56e518f1307c
v0.11.13,7375a0f414bde4bc941e623482221db2fc8c4ab5,8343f188ada07642f47c56e518f1307c
v0.11.13,7375a0f414bde4bc941e623482221db2fc8c4ab5,8343f188ada07642f47c56e518f1307c
v0.11.12,72c7a7567228cdaf8b7aa4a9e3d212ef9d4cc0ed,8343f188ada07642f47c56e518f1307c
v0.11.12,72c7a7567228cdaf8b7aa4a9e3d212ef9d4cc0ed,8343f188ada07642f47c56e518f1307c
v0.11.11,be973ea196127383f356d39be466e2f3bd163083,8343f188ada07642f47c56e518f1307c
v0.11.11,be973ea196127383f356d39be466e2f3bd163083,8343f188ada07642f47c56e518f1307c
v0.11.10,eebc6a58958587203f624528ff46b1d4b2b0f2fa,8343f188ada07642f47c56e518f1307c
v0.11.10,eebc6a58958587203f624528ff46b1d4b2b0f2fa,8343f188ada07642f47c56e518f1307c
v0.11.9,5c8147450db52b81232c138b9f9a65a8f9c61862,8343f188ada07642f47c56e518f1307c
v0.11.9,5c8147450db52b81232c138b9f9a65a8f9c61862,8343f188ada07642f47c56e518f1307c
v0.11.8,1baf081343530dbaa8bec378fe1ce26b4897c23f,8343f188ada07642f47c56e518f1307c
v0.11.8,1baf081343530dbaa8bec378fe1ce26b4897c23f,8343f188ada07642f47c56e518f1307c
v0.11.7,2e06da3df9cb370795f49747fdfd295b8168c133,8343f188ada07642f47c56e518f1307c
v0.11.7,2e06da3df9cb370795f49747fdfd295b8168c133,8343f188ada07642f47c56e518f1307c
v0.11.6,114d33d3caa24d260f15529e1f3f50783cbccd9a,8343f188ada07642f47c56e518f1307c
v0.11.5,4959b71d6a1b1473911970428b16ac02397d930b,d124ce50a30741a188e41c52c424c127
v0.11.4,5646e86a6f442dc6f4158ae7010ab13d72a0b356,d124ce50a30741a188e41c52c424c127
v0.11.3,5646e86a6f442dc6f4158ae7010ab13d72a0b356,d124ce50a30741a188e41c52c424c127
v0.11.3,5646e86a6f442dc6f4158ae7010ab13d72a0b356,d124ce50a30741a188e41c52c424c127
v0.11.2,316f6365a64bd66fdf9c1ada3ed0a91d9533b9c7,d124ce50a30741a188e41c52c424c127
v0.11.1,59f79d0d64c915c6ba04099206e3fed5b9d5a4a1,d124ce50a30741a188e41c52c424c127
v0.11.0,162b2e98c036a8f8c355fd475dbe0db4f4bc886c,46b2bfb57b5647c5f7527ff9aa56c69b
v0.10.2,6c2ade9fa2b555899530a31cc8cbd1dff3bf5eea,46b2bfb57b5647c5f7527ff9aa56c69b
v0.10.2,6c2ade9fa2b555899530a31cc8cbd1dff3bf5eea,46b2bfb57b5647c5f7527ff9aa56c69b
v0.10.1,3860a43379fa3a7474427a671c794fa29e555c10,787a4777f88a79e31da4816394307ae1
v0.10.0,bf377896ff0fc190301436ff32a592f3bab75e6b,62ef4dfcf98329d5284e035d0513511a
v0.9.4,74625aed323d04f2add0410e84038d250f51b616,a135b1a4c6790a272609c9405379bc63
v0.9.6,f6af1f20ba92a819401d66ae4b2179b0775b0e12,a8259ee8cefb98a6f997d8518f7971c2
v0.9.5,38a646e14cc25f5a56a989c6a5787bf74e0ea386,45a2b041cb2fd244807ef704d221ceba
v0.9.4,74625aed323d04f2add0410e84038d250f51b616,a135b1a4c6790a272609c9405379bc63
v0.9.3,71457a67d0f9b10e8442d6db6d711bf00185ea66,d6f42425feaac5aa95a1973e376bad82
v0.9.2,2e8e96fad1ada324adca718d13410a98d9bb1036,f3cf6417f170a4b4eb7fcdfd07cf28b4
v0.9.1,9e315e64659ea966eba58bada2b51112b07d284c,7571f3801809ac20f48b0e38647900e1
v0.9.0,9e315e64659ea966eba58bada2b51112b07d284c,7571f3801809ac20f48b0e38647900e1
v0.8.7,9e315e64659ea966eba58bada2b51112b07d284c,7571f3801809ac20f48b0e38647900e1
v0.8.2,58a1894a1cd798de2f9a206f157a90d45944028b,1b444eb4796616ea2f955f3f1e440801
v0.8.6,b0b19d6ce1d23a5ca766ecc08199df1e27028d43,42e9e3a62930abf238d6ebb1ffe56a9c
v0.8.5,72665c6827a566e626bde75a4289609fb65ac657,42e9e3a62930abf238d6ebb1ffe56a9c
v0.8.4,7a9b430d740b9a7ae4d9a6d44357d83561e1124d,42e9e3a62930abf238d6ebb1ffe56a9c
v0.8.3,c0e6f6a6e665b8b5f66038819f15701dbfe2f0da,da2016f767d32cfe970546ea3ae63026
v0.8.2,58a1894a1cd798de2f9a206f157a90d45944028b,1b444eb4796616ea2f955f3f1e440801
v0.8.1,9b297b3b51228d5009b47a09cc7c8e9774877f5e,1b444eb4796616ea2f955f3f1e440801
v0.8.0,de4c7a53f21cd0d2dd1cce9ea000e7f6a5398c2f,1b444eb4796616ea2f955f3f1e440801
v0.7.3,af42b6dc95bd9f719e43c4e9f29a00640f0f0bba,d0cf500478165d79bdefccb0847ffb33
v0.7.5,dc7b5eb89da31cddc2abc91aa5b30bcc6d66e70c,1b444eb4796616ea2f955f3f1e440801
v0.7.4,252da4808277ef1c7de0bdd7f0689fe05c7ec79c,1b444eb4796616ea2f955f3f1e440801
v0.7.3,af42b6dc95bd9f719e43c4e9f29a00640f0f0bba,d0cf500478165d79bdefccb0847ffb33
v0.7.2,af42b6dc95bd9f719e43c4e9f29a00640f0f0bba,d0cf500478165d79bdefccb0847ffb33
v0.6.0,e3687f70c7ece72000b32ee1b3c02755ba5361ac,35224090f45cbae1402bafd97a112a40
v0.7.1,0b728a3140015137a1c5eb81b486afe279ddd981,d0cf500478165d79bdefccb0847ffb33
v0.7.0,4b271b2e0265428fc144c5ce6c1234680631d83e,20e1c85108022aa0da0b6116a5430f19
v0.6.2,4b271b2e0265428fc144c5ce6c1234680631d83e,20e1c85108022aa0da0b6116a5430f19
v0.6.1,c23690f0d751898a0ed5eab4c5242a9e182b54b0,35224090f45cbae1402bafd97a112a40
v0.6.0,e3687f70c7ece72000b32ee1b3c02755ba5361ac,35224090f45cbae1402bafd97a112a40
v0.5.8,37779318019c397471751fe67ba0fefcd0d720d7,77ed80617eb2b1627e6c51ae7252c677
v0.5.7,6fe748490d1772d72274bf8b9efb72c5c2160237,ffb1195e9b89c663b3728d1c31618334
v0.5.6,6fe748490d1772d72274bf8b9efb72c5c2160237,ffb1195e9b89c663b3728d1c31618334
v0.5.1,1ed25ca7b7e3e3e8047df050bba4174074c9b336,04cb98b58e7d69109004454c20b492f7
v0.5.5,c3976b3c7183f479717bffed3f640fb92afbd3dc,620e7a3f6ea0629bfbf138cfda2b61fa
v0.5.4,d33bbff47055bc3f1cddfb768881b395c4ac19c2,fd5b7e46645767083d8f2b8433d7f761
v0.5.3,5d2f24aa5cbdbe3c5d41b2b261873d26f4077c79,fd5b7e46645767083d8f2b8433d7f761
v0.5.2,a83b37d35acd8afd82be3f567a4b7231d5bdb928,fd5b7e46645767083d8f2b8433d7f761
v0.5.1,1ed25ca7b7e3e3e8047df050bba4174074c9b336,04cb98b58e7d69109004454c20b492f7
v0.5.0,2b1f3dbe25894d7614587f494a25b40fdb344f4a,129c1a9917052c59c17229d1d019a956
v0.4.4,06afdfe54ebef9168a90ca00a6721c2d36e6aafa,1b155eedbb3a2640a88d2e54d2f2d204
v0.4.4,06afdfe54ebef9168a90ca00a6721c2d36e6aafa,1b155eedbb3a2640a88d2e54d2f2d204
v0.4.3,9ae10ef702e76585ea498bdfb2b40181017623ad,e005a87ed1e2a5f982744b8074199787
v0.4.2,e976be13c51448f89107d082ec81e2b6731671fa,e005a87ed1e2a5f982744b8074199787
v0.4.1,e976be13c51448f89107d082ec81e2b6731671fa,e005a87ed1e2a5f982744b8074199787
v0.4.0,e976be13c51448f89107d082ec81e2b6731671fa,e005a87ed1e2a5f982744b8074199787
v0.3.2,09d05a38912a3c1a906e95099cac9a7e14fae85f,39646f79e9336fb65ac68c8568544c92
v0.3.6,e976be13c51448f89107d082ec81e2b6731671fa,e005a87ed1e2a5f982744b8074199787
v0.3.5,ec611470b571c35156723a163fdcacd1f58b1809,39646f79e9336fb65ac68c8568544c92
v0.3.4,ec611470b571c35156723a163fdcacd1f58b1809,39646f79e9336fb65ac68c8568544c92
v0.3.1,09d05a38912a3c1a906e95099cac9a7e14fae85f,39646f79e9336fb65ac68c8568544c92
v0.3.3,cb3376c5dedb71cec7a88b8a8904acc5dd6c6ba1,39646f79e9336fb65ac68c8568544c92
v0.3.2,09d05a38912a3c1a906e95099cac9a7e14fae85f,39646f79e9336fb65ac68c8568544c92
v0.3.1,09d05a38912a3c1a906e95099cac9a7e14fae85f,39646f79e9336fb65ac68c8568544c92
v0.3.0,8a6e64a8ef09f1f1af207725b40022d8d7a9dcd7,4bef249ea9718a0b708f17a4a98f9b59
v0.2.11,6474647f5210a968d186901cc511153ec442e897,5dc50b7942c1acdc5e20d7a99b981227
v0.2.10,d2b69fec751d6d11f62019c863b2cba4ce575bfe,c43eada86a2f4834d028602dc4840e01
v0.2.8,c903c217a1a8206cdebdab1703b52ec6180edf37,d72bf5003e5924b61a7943f58e7b6814
v0.2.9,04f3c6557c02879191a558320ed8ec81f8b2b619,d72bf5003e5924b61a7943f58e7b6814
v0.2.8,c903c217a1a8206cdebdab1703b52ec6180edf37,d72bf5003e5924b61a7943f58e7b6814
v0.2.3,e61bb9ac3a3fd789754e2e54220bcfc27076a857,0d015018f02a6de0c92ac1ac59191b55
v0.2.7,c903c217a1a8206cdebdab1703b52ec6180edf37,d72bf5003e5924b61a7943f58e7b6814
v0.2.6,9af82c5a1a79ae02477db13e721c8365f31a4840,8f8bcefc1534f548f00d8d817877e101
v0.2.5,dd6f46c485192f4506035088c9065b9f5dbba9ab,0053515318c68502ae0307040ac1746b
v0.2.4,6280adbfb1f9f63cdc6179b9b78634add1e4f2e3,48af31030bbb45e2f3e620514fd8a27d
v0.2.3,e61bb9ac3a3fd789754e2e54220bcfc27076a857,0d015018f02a6de0c92ac1ac59191b55
v0.2.2,e44cd55fc452ba5524147280c451fb3ace350ec4,0d015018f02a6de0c92ac1ac59191b55
v0.1.5,ead227f118077d1f2b57842a32abaf105b573b8a,9bc066b6e8ef5a9f7224c2926c6ad2f4
v0.2.1,24cf8ebd8621713a6936df783dad5019f52bc85e,667a3bf9d477f047a8d88dddf6d8bfd1
v0.2.0,a00f8e8bc0f3d08ec0c0ca24b01226441bcaf03a,1461982fa5039fab6ecead9f19228670
v0.1.9,97b22348c8d5cba471418dc94f9e384e384e796f,1461982fa5039fab6ecead9f19228670
v0.1.8,e133da723c603eb43c5bf03aeb27e79c06a50e0c,9bc066b6e8ef5a9f7224c2926c6ad2f4
v0.1.6,ead227f118077d1f2b57842a32abaf105b573b8a,9bc066b6e8ef5a9f7224c2926c6ad2f4
