version,Engine_commit,Snapshot_Hash
sb-ff3aeea997acef01260e061d94257fe8f09371e1,ff3aeea997acef01260e061d94257fe8f09371e1,8a2933559b33778f54d3f3e3ddf01b8a
sb-ef2c5cd963e481d44741e2a587ecb7ad69629ce1,ef2c5cd963e481d44741e2a587ecb7ad69629ce1,03cdc353bb51550d40c21cc6f2e57a7e
sb-e34c1bea764ac899cd81c8727134f94a3eb01e1b,e34c1bea764ac899cd81c8727134f94a3eb01e1b,32e232426c027707c0733b5f33d1d7ed
sb-c10186c6dcacd5a481b0a0cb6587830cf974e5bd,c10186c6dcacd5a481b0a0cb6587830cf974e5bd,bc05d4f613fbdf7e168164a9d12fb895
sb-b2f093cccca35a5fbc951bd402f12da7b6e0e5e4,b2f093cccca35a5fbc951bd402f12da7b6e0e5e4,1b83b8188cece0c4f52368bdb51294a3
sb-a9aaaaf0919d79fa02e144f03793e868d1bb1b55,a9aaaaf0919d79fa02e144f03793e868d1bb1b55,0dfab2217405b81801af50c522e8ba44
sb-a72fb61b0f4211313cabc1395e7ba062c5fa176a,a72fb61b0f4211313cabc1395e7ba062c5fa176a,b9079dee0853fa95721c651022bdff73
sb-a3ccee8ac28d0743c8135f506f43f4a873f21326,a3ccee8ac28d0743c8135f506f43f4a873f21326,5381fb6f79387a2186609276e3de06b1
sb-a3b5975e0618f7b810a3b6e5d521494f4fcdcb71,a3b5975e0618f7b810a3b6e5d521494f4fcdcb71,b5ebf2e8b10d45756cf1e6f4f966b74b
sb-a0cb3615d1a2a01e82ceeacae85fbc23713beb86,a0cb3615d1a2a01e82ceeacae85fbc23713beb86,c58436b3654516cf6ebe85a3dbc2347b
sb-9cacf58a8dc0daa73804a018c31961b1fdd40fc0,9cacf58a8dc0daa73804a018c31961b1fdd40fc0,75f47523d104fa2d92ce6d4626be0fd1
sb-9782697373b4ee6ed41d92656582672570cbac18,9782697373b4ee6ed41d92656582672570cbac18,0d123dec2af99352ccb14596610ada66
sb-9441f3f5df2be3a6258da3bc6f0a5fc4dee39d99,9441f3f5df2be3a6258da3bc6f0a5fc4dee39d99,c2d86230e0801b4834b25ad2d5398006
sb-8bc63bb51f4faded9bcac161762355ce110446a4,8bc63bb51f4faded9bcac161762355ce110446a4,faa1b5432d25f17150206f39fa82df0c
sb-8635b3ece0171e4459cf8866bac2e71834384698,8635b3ece0171e4459cf8866bac2e71834384698,d35a86f2cc1fcc55fdeab1e3cb76699c
sb-7e3858aedc3b37e9a6a15e1021206b9decb72eb7,7e3858aedc3b37e9a6a15e1021206b9decb72eb7,cac79690cfe2b98ef1b19206d29c607c
sb-72b796802e035d60d90cb5002766c882011f9969,72b796802e035d60d90cb5002766c882011f9969,74256b4e2506cb99088e267343d55582
sb-6994442c955e50bc6511dfd424763d7b601d68a0,6994442c955e50bc6511dfd424763d7b601d68a0,d91d7cd59e64c142cbc7e9f5b961989f
sb-673adf71eeff7bb35214e67ab3599ab60bb2e311,673adf71eeff7bb35214e67ab3599ab60bb2e311,764ee046d8dcb7ab7c56f1101baa9a27
sb-62fa4e8bb30f56eb658989d3e6a982cb787d79d6,62fa4e8bb30f56eb658989d3e6a982cb787d79d6,f915d115e9c5540c729820a05554ee3b
sb-620f8fe6416d06167d8de7ca625bdeb6c2b7166b,620f8fe6416d06167d8de7ca625bdeb6c2b7166b,2cb8666b27df07cc1e8325fb294f827b
sb-5da2bc9eef3ef9a68f3bb5cdc3122f3fe5e44d01,5da2bc9eef3ef9a68f3bb5cdc3122f3fe5e44d01,163b9b5131a761e6de5f5358389e0160
sb-57918fbd1728d541e72e2a22a41387f75aee0544,57918fbd1728d541e72e2a22a41387f75aee0544,5293ce3c59a39274ded121d4cc2d1383
sb-5265295a5b077aaa0f2d21d459e990775a5448a3,5265295a5b077aaa0f2d21d459e990775a5448a3,93099564aca8020b8fdcf35b1155dbdb
sb-40512d8992a0605889c7b76def46b62e286fa46b,40512d8992a0605889c7b76def46b62e286fa46b,c334dc9ca9434238e3ded5c74799cad3
sb-3a6bc396ffd240815fe9c1f3e55a6b59486c1699,3a6bc396ffd240815fe9c1f3e55a6b59486c1699,839937ddd3133a1c0758aeeefce5448c
sb-3a51c41c239ee82fc57e684b8c277863b7a78c6c,3a51c41c239ee82fc57e684b8c277863b7a78c6c,3b9dd32ebfb285543e9955e017f2d6f9
sb-38605d5b744f9f4f98a899e4e237f0b7f1e1d698,38605d5b744f9f4f98a899e4e237f0b7f1e1d698,a29469ee3f3679f959535b76b44e7fc3
sb-2ec091b5a0c62f87db85a88647e150e5e0aa0153,2ec091b5a0c62f87db85a88647e150e5e0aa0153,fee3de0d0af52c31bb081d4226a13a42
sb-2b094773ca4b350d5a6f51504ddac68fb0964832,2b094773ca4b350d5a6f51504ddac68fb0964832,a25c340fe51869c5d86226e6474463eb
sb-27bc060323bfdfe2f5b6732174d4e499e74eca70,27bc060323bfdfe2f5b6732174d4e499e74eca70,2b8c174ed4a6df16d4c081e0ea77326f
sb-26f3f36d9a009be7ff28f8ee453b3e1a060a1ed2,26f3f36d9a009be7ff28f8ee453b3e1a060a1ed2,73b68505c7a14e7785a705625c587452
sb-255003dc70296f2db5855f12de4d9f93a7b8b087,255003dc70296f2db5855f12de4d9f93a7b8b087,3eda3cd112d4dbe04d80281af1ee5708
sb-2371d9ab3129c719aa135ac04f7c34b1d0e4dbbe,2371d9ab3129c719aa135ac04f7c34b1d0e4dbbe,33c7289e792b6d61aae02d2fe32e4cc5
sb-21ec31e6ed178745244f9f065dcc1b452f8bbcc3,21ec31e6ed178745244f9f065dcc1b452f8bbcc3,c18d5c633821decef9bd2346468acfc2
sb-14449967f2149612759c8c2fd7527dc3114d3934,14449967f2149612759c8c2fd7527dc3114d3934,2d6ccff4d71e7380c11969ebeb469078
sb-140f356ed1b567389bbf76338564a16767714e04,140f356ed1b567389bbf76338564a16767714e04,c67c1c9eba001c099d90934b38e2c56d
sb-140e33ec3b415060e778ad77da5c64e1b3e33217,140e33ec3b415060e778ad77da5c64e1b3e33217,7d8fb82a698d78184f7d1e3bbc00540a
sb-125b66708b676e386823805746eb257034b17c58,125b66708b676e386823805746eb257034b17c58,6bb4b502aa008f00b70e1c7259d257fa
sb-10925697101f35f598bd2f5a9eaa0696fc6d224d,10925697101f35f598bd2f5a9eaa0696fc6d224d,168aea4061b9672c5fa4e249bedb6780
sb-104f3eb18abaeb8e3551ec7d6ecedaac525f3d02,104f3eb18abaeb8e3551ec7d6ecedaac525f3d02,db65a563da4e182bf14dd4caee095ad7
sb-0f962124273f5bdbd5732c7fd8e7dc8addd9ee7d,0f962124273f5bdbd5732c7fd8e7dc8addd9ee7d,f53e70b87b665b751e95fccf7028b416
sb-0f660eb0c7c668e30d5ec3a854e009fb0e295bc6,0f660eb0c7c668e30d5ec3a854e009fb0e295bc6,4503042644b89eff5f27927329b366e1
sb-0eee7160667affec17b5cefaf96f025690be9c05,0eee7160667affec17b5cefaf96f025690be9c05,7be357502684025ba3bb3e785795aa94
sb-0db7217cd52ea383400c96ddc86553481f9f0cdd,0db7217cd52ea383400c96ddc86553481f9f0cdd,789286f94d490d5e8f936c1da63e36d9
sb-0bdaff54cf7f6f5da4418813f7d6075d3654e353,0bdaff54cf7f6f5da4418813f7d6075d3654e353,155c49bdf7f404da7da332625b2160dd
sb-09c61f5ac3a656ea09d6ad1e8ecff6730f4d236f,09c61f5ac3a656ea09d6ad1e8ecff6730f4d236f,a6ebf14b0b56406fcbf9a77310fb1bf2
sb-0757a9001dc3dcfce6f09fdd443904827274d22e,0757a9001dc3dcfce6f09fdd443904827274d22e,85db978ceb98b8ae97a75e17b3bdc693
sb-06fee013c7e72e750b05d65fa945b2f302ebc113,06fee013c7e72e750b05d65fa945b2f302ebc113,357e950c9f2daf067690989bf95b25fc
sb-06eb6a4abda8b9f2fe1a3eae80a19ac014228a76,06eb6a4abda8b9f2fe1a3eae80a19ac014228a76,2858c2c0920495f00b9bce9edf6a8cd9
sb-062b7b8359d6f213f308526aa24d49e5f6605cfa,062b7b8359d6f213f308526aa24d49e5f6605cfa,c9a6a7ab2725d91fc19bcc681d62e96b
sb-053af2257e9688fc61171880015ffe8c727b5826,053af2257e9688fc61171880015ffe8c727b5826,781898e49490868634c2419c45f09e6d
sb-03e67977a7ff5893d96ac97f22c6a795530c0040,03e67977a7ff5893d96ac97f22c6a795530c0040,3c9c63bc42bff27a9fd51d020f3771ec
sb-033ec57900456ca7f8cd4bb59c2773a8ce27cb5d,033ec57900456ca7f8cd4bb59c2773a8ce27cb5d,cda356e9bae476c70de33809fd92e009
sb-02bbf5f6235226392c9abc3d3dd2d739819f37b1,02bbf5f6235226392c9abc3d3dd2d739819f37b1,f26e9495cb278b2683d98097027d0f45
sb-001b60083b642c134c62e7c10bc34f188b0a2869,001b60083b642c134c62e7c10bc34f188b0a2869,d81571db9b2ff9bbdcc293234efca30a
